Mexico 1968,HUN,NULL,NULL
St Louis 1904,USA,NULL,NULL
Barcelona 1992,ISR,NULL,NULL
Beijing 2008,GER,NULL,NULL
Helsinki 1952,SUI,NULL,NULL
Munich 1972,URS,NULL,NULL
Melbourne / Stockholm 1956,GBR,NULL,NULL
Rome 1960,POR,NULL,NULL
Antwerp 1920,NZL,NULL,NULL
Athens 2004,RSA,NULL,NULL
Berlin 1936,POR,NULL,NULL
Rome 1960,GHA,NULL,NULL
Mexico 1968,POL,NULL,NULL
Athens 2004,HKG,NULL,NULL
Paris 1924,YUG,NULL,NULL
London 1948,BEL,NULL,NULL
Munich 1972,ESP,NULL,NULL
Tokyo 1964,PAK,NULL,NULL
Mexico 1968,CUB,NULL,NULL
Seoul 1988,PAK,NULL,NULL
Munich 1972,ETH,NULL,NULL
Barcelona 1992,THA,NULL,NULL
Sydney 2000,GBR,NULL,NULL
London 2012,MAR,NULL,NULL
Sydney 2000,LAT,NULL,NULL
Athens 1896,FRA,NULL,NULL
Athens 2004,CRO,NULL,NULL
Beijing 2008,PAN,NULL,NULL
Barcelona 1992,NAM,NULL,NULL
Barcelona 1992,BAH,NULL,NULL
Barcelona 1992,SUI,NULL,NULL
Sydney 2000,IRI,NULL,NULL
Munich 1972,ROU,NULL,NULL
Moscow 1980,TAN,NULL,NULL
Athens 2004,GBR,NULL,NULL
Paris 1924,NOR,NULL,NULL
London 1948,JAM,NULL,NULL
Mexico 1968,YUG,NULL,NULL
Tokyo 1964,TUR,NULL,NULL
Seoul 1988,COL,NULL,NULL
London 1948,ITA,NULL,NULL
Atlanta 1996,SLO,NULL,NULL
Athens 2004,LAT,NULL,NULL
Athens 2004,AUT,NULL,NULL
Los Angeles 1984,GRE,NULL,NULL
Athens 2004,COL,NULL,NULL
Melbourne / Stockholm 1956,CAN,NULL,NULL
Mexico 1968,ITA,NULL,NULL
London 1948,NED,NULL,NULL
Moscow 1980,ETH,NULL,NULL
London 2012,MAS,NULL,NULL
Athens 2004,IRI,NULL,NULL
Beijing 2008,ARM,NULL,NULL
Atlanta 1996,MDA,NULL,NULL
Montreal 1976,TRI,NULL,NULL
Los Angeles 1984,AUT,NULL,NULL
Paris 1924,RSA,NULL,NULL
St Louis 1904,SUI,NULL,NULL
Melbourne / Stockholm 1956,RSA,NULL,NULL
Seoul 1988,BEL,NULL,NULL
Athens 2004,VEN,NULL,NULL
Barcelona 1992,SUR,NULL,NULL
Munich 1972,JPN,NULL,NULL
Beijing 2008,MGL,NULL,NULL
Montreal 1976,ESP,NULL,NULL
London 2012,DOM,NULL,NULL
Mexico 1968,GRE,NULL,NULL
Montreal 1976,PRK,NULL,NULL
Barcelona 1992,GHA,NULL,NULL
London 1948,AUT,NULL,NULL
Barcelona 1992,GER,NULL,NULL
Munich 1972,FRA,NULL,NULL
Seoul 1988,SWE,NULL,NULL
London 2012,FRA,NULL,NULL
Los Angeles 1984,ZAM,NULL,NULL
London 2012,PUR,NULL,NULL
Melbourne / Stockholm 1956,ITA,NULL,NULL
Montreal 1976,ROU,NULL,NULL
London 2012,SGP,NULL,NULL
Seoul 1988,JAM,NULL,NULL
Sydney 2000,PRK,NULL,NULL
Athens 2004,CUB,NULL,NULL
Sydney 2000,RUS,NULL,NULL
Melbourne / Stockholm 1956,PAK,NULL,NULL
Beijing 2008,NGR,NULL,NULL
Sydney 2000,KAZ,NULL,NULL
Munich 1972,PRK,NULL,NULL
Atlanta 1996,GEO,NULL,NULL
Barcelona 1992,EST,NULL,NULL
Beijing 2008,VIE,NULL,NULL
Stockholm 1912,NOR,NULL,NULL
Melbourne / Stockholm 1956,GRE,NULL,NULL
Atlanta 1996,ARM,NULL,NULL
London 2012,KEN,NULL,NULL
Helsinki 1952,TCH,NULL,NULL
Athens 1896,DEN,NULL,NULL
Seoul 1988,CHI,NULL,NULL
Stockholm 1912,BEL,NULL,NULL
Atlanta 1996,ROU,NULL,NULL
Rome 1960,IRQ,NULL,NULL
Athens 1896,SUI,NULL,NULL
Atlanta 1996,MEX,NULL,NULL
Rome 1960,URS,NULL,NULL
Melbourne / Stockholm 1956,HUN,NULL,NULL
Munich 1972,TCH,NULL,NULL
Los Angeles 1984,MEX,NULL,NULL
Montreal 1976,FRA,NULL,NULL
Beijing 2008,TUN,NULL,NULL
London 2012,GBR,NULL,NULL
Mexico 1968,CMR,NULL,NULL
Sydney 2000,IND,NULL,NULL
Munich 1972,UGA,NULL,NULL
Moscow 1980,JAM,NULL,NULL
Atlanta 1996,TUR,NULL,NULL
Paris 1900,CAN,NULL,NULL
Beijing 2008,AUS,NULL,NULL
Munich 1972,IRI,NULL,NULL
London 2012,IRI,NULL,NULL
Munich 1972,KEN,NULL,NULL
Atlanta 1996,SWE,NULL,NULL
Beijing 2008,MEX,NULL,NULL
Los Angeles 1984,SWE,NULL,NULL
Atlanta 1996,KOR,NULL,NULL
Athens 2004,SCG,NULL,NULL
Munich 1972,GHA,NULL,NULL
London 2012,VEN,NULL,NULL
Paris 1924,ITA,NULL,NULL
Berlin 1936,AUS,NULL,NULL
Tokyo 1964,KOR,NULL,NULL
Rome 1960,MEX,NULL,NULL
Melbourne / Stockholm 1956,ARG,NULL,NULL
Los Angeles 1984,COL,NULL,NULL
Atlanta 1996,SVK,NULL,NULL
Sydney 2000,SVK,NULL,NULL
Moscow 1980,UGA,NULL,NULL
Paris 1924,NED,NULL,NULL
Berlin 1936,MEX,NULL,NULL
Barcelona 1992,JAM,NULL,NULL
Beijing 2008,GEO,NULL,NULL
Munich 1972,SWE,NULL,NULL
Mexico 1968,GDR,NULL,NULL
Los Angeles 1932,GBR,NULL,NULL
Beijing 2008,CMR,NULL,NULL
Munich 1972,SUI,NULL,NULL
Los Angeles 1984,PUR,NULL,NULL
Melbourne / Stockholm 1956,AUS,NULL,NULL
London 2012,BAH,NULL,NULL
London 2012,SUI,NULL,NULL
Beijing 2008,COL,NULL,NULL
Beijing 2008,ROU,NULL,NULL
Athens 2004,SVK,NULL,NULL
Seoul 1988,POL,NULL,NULL
Atlanta 1996,USA,NULL,NULL
Seoul 1988,ITA,NULL,NULL
Sydney 2000,BAR,NULL,NULL
Amsterdam 1928,GBR,NULL,NULL
Mexico 1968,BRA,NULL,NULL
Rome 1960,IRI,NULL,NULL
Atlanta 1996,CUB,NULL,NULL
Munich 1972,ARG,NULL,NULL
London 2012,LAT,NULL,NULL
Tokyo 1964,NZL,NULL,NULL
Sydney 2000,POR,NULL,NULL
Tokyo 1964,CUB,NULL,NULL
Beijing 2008,TUR,NULL,NULL
Mexico 1968,ARG,NULL,NULL
Los Angeles 1984,ALG,NULL,NULL
London 2012,RUS,NULL,NULL
Beijing 2008,NOR,NULL,NULL
Athens 1896,GER,NULL,NULL
Sydney 2000,GER,NULL,NULL
Sydney 2000,BLR,NULL,NULL
Seoul 1988,GRE,NULL,NULL
Montreal 1976,GDR,NULL,NULL
Athens 2004,AUS,NULL,NULL
London 2012,POR,NULL,NULL
Montreal 1976,SWE,NULL,NULL
Athens 2004,GRE,NULL,NULL
Paris 1924,SUI,NULL,NULL
Rome 1960,NOR,NULL,NULL
Beijing 2008,BEL,NULL,NULL
Stockholm 1912,ITA,NULL,NULL
Los Angeles 1932,FRA,NULL,NULL
Beijing 2008,MDA,NULL,NULL
Montreal 1976,SUI,NULL,NULL
Berlin 1936,NOR,NULL,NULL
Moscow 1980,NED,NULL,NULL
Atlanta 1996,TGA,NULL,NULL
London 1948,TCH,NULL,NULL
London 2012,GER,NULL,NULL
Athens 2004,BLR,NULL,NULL
Melbourne / Stockholm 1956,EUA,NULL,NULL
London 2012,IRL,NULL,NULL
Paris 1924,ARG,NULL,NULL
Melbourne / Stockholm 1956,KOR,NULL,NULL
Montreal 1976,BRA,NULL,NULL
Atlanta 1996,TPE,NULL,NULL
Beijing 2008,ISL,NULL,NULL
London 1948,KOR,NULL,NULL
Amsterdam 1928,NED,NULL,NULL
London 2012,CAN,NULL,NULL
Helsinki 1952,GER,NULL,NULL
Barcelona 1992,MGL,NULL,NULL
Atlanta 1996,HUN,NULL,NULL
Los Angeles 1984,VEN,NULL,NULL
London 1908,BEL,NULL,NULL
Paris 1924,AUS,NULL,NULL
Stockholm 1912,AUT,NULL,NULL
Tokyo 1964,HUN,NULL,NULL
London 2012,RSA,NULL,NULL
Paris 1900,NOR,NULL,NULL
Melbourne / Stockholm 1956,BEL,NULL,NULL
Rome 1960,GBR,NULL,NULL
Atlanta 1996,POL,NULL,NULL
Sydney 2000,KOR,NULL,NULL
Los Angeles 1932,NED,NULL,NULL
Tokyo 1964,POL,NULL,NULL
Barcelona 1992,ROU,NULL,NULL
Paris 1900,ZZX,NULL,NULL
Tokyo 1964,MEX,NULL,NULL
Atlanta 1996,CHN,NULL,NULL
Moscow 1980,DEN,NULL,NULL
Los Angeles 1984,CHN,NULL,NULL
Melbourne / Stockholm 1956,ISL,NULL,NULL
Moscow 1980,AUT,NULL,NULL
Beijing 2008,SIN,NULL,NULL
Seoul 1988,TCH,NULL,NULL
Athens 2004,ARG,NULL,NULL
Barcelona 1992,NGR,NULL,NULL
Montreal 1976,JPN,NULL,NULL
Atlanta 1996,ESP,NULL,NULL
Atlanta 1996,UGA,NULL,NULL
Athens 2004,KOR,NULL,NULL
London 2012,GRN,NULL,NULL
Moscow 1980,SUI,NULL,NULL
Rome 1960,VEN,NULL,NULL
Rome 1960,SIN,NULL,NULL
Atlanta 1996,JPN,NULL,NULL
Atlanta 1996,AZE,NULL,NULL
London 2012,TJK,NULL,NULL
Tokyo 1964,JPN,NULL,NULL
Barcelona 1992,NOR,NULL,NULL
Sydney 2000,ISL,NULL,NULL
Barcelona 1992,SLO,NULL,NULL
Tokyo 1964,FIN,NULL,NULL
Helsinki 1952,JAM,NULL,NULL
Atlanta 1996,NZL,NULL,NULL
Athens 2004,BEL,NULL,NULL
Beijing 2008,HUN,NULL,NULL
Seoul 1988,KEN,NULL,NULL
Athens 2004,ESP,NULL,NULL
Beijing 2008,IRL,NULL,NULL
Rome 1960,FRA,NULL,NULL
Moscow 1980,URS,NULL,NULL
Sydney 2000,URU,NULL,NULL
Beijing 2008,POL,NULL,NULL
Melbourne / Stockholm 1956,CHI,NULL,NULL
Sydney 2000,NGR,NULL,NULL
Amsterdam 1928,IND,NULL,NULL
Berlin 1936,FRA,NULL,NULL
Barcelona 1992,RSA,NULL,NULL
Beijing 2008,AFG,NULL,NULL
Berlin 1936,BEL,NULL,NULL
Seoul 1988,GDR,NULL,NULL
Beijing 2008,SWE,NULL,NULL
Sydney 2000,VIE,NULL,NULL
Los Angeles 1932,SUI,NULL,NULL
Los Angeles 1984,PAK,NULL,NULL
Amsterdam 1928,FRA,NULL,NULL
Antwerp 1920,GBR,NULL,NULL
Berlin 1936,POL,NULL,NULL
Athens 2004,ERI,NULL,NULL
Beijing 2008,ITA,NULL,NULL
London 2012,,NULL,NULL
Paris 1924,BEL,NULL,NULL
Amsterdam 1928,POL,NULL,NULL
Helsinki 1952,FIN,NULL,NULL
Atlanta 1996,CAN,NULL,NULL
Mexico 1968,FIN,NULL,NULL
Seoul 1988,PHI,NULL,NULL
Tokyo 1964,CAN,NULL,NULL
Rome 1960,ITA,NULL,NULL
Paris 1924,TCH,NULL,NULL
Atlanta 1996,ETH,NULL,NULL
Berlin 1936,ITA,NULL,NULL
Mexico 1968,ROU,NULL,NULL
Rome 1960,NED,NULL,NULL
Antwerp 1920,NED,NULL,NULL
Seoul 1988,ARG,NULL,NULL
London 1948,MEX,NULL,NULL
Beijing 2008,GRE,NULL,NULL
Tokyo 1964,TCH,NULL,NULL
Beijing 2008,CHI,NULL,NULL
Rome 1960,PAK,NULL,NULL
Tokyo 1964,BRA,NULL,NULL
Seoul 1988,BUL,NULL,NULL
Sydney 2000,MOZ,NULL,NULL
Berlin 1936,YUG,NULL,NULL
Sydney 2000,POL,NULL,NULL
Beijing 2008,MAS,NULL,NULL
Rome 1960,GRE,NULL,NULL
Paris 1900,SWE,NULL,NULL
Barcelona 1992,COL,NULL,NULL
Sydney 2000,MEX,NULL,NULL
London 1908,FIN,NULL,NULL
Sydney 2000,KGZ,NULL,NULL
Mexico 1968,TUR,NULL,NULL
Amsterdam 1928,AUT,NULL,NULL
Atlanta 1996,KEN,NULL,NULL
Rome 1960,CAN,NULL,NULL
Mexico 1968,NOR,NULL,NULL
Tokyo 1964,KEN,NULL,NULL
Barcelona 1992,PER,NULL,NULL
London 1948,FIN,NULL,NULL
Sydney 2000,CUB,NULL,NULL
London 2012,BOT,NULL,NULL
Melbourne / Stockholm 1956,ROU,NULL,NULL
Mexico 1968,SWE,NULL,NULL
Athens 2004,POL,NULL,NULL
Rome 1960,RSA,NULL,NULL
Athens 1896,GBR,NULL,NULL
Rome 1960,HUN,NULL,NULL
Helsinki 1952,FRA,NULL,NULL
Antwerp 1920,GRE,NULL,NULL
Atlanta 1996,INA,NULL,NULL
Sydney 2000,SRI,NULL,NULL
Amsterdam 1928,GER,NULL,NULL
Berlin 1936,HUN,NULL,NULL
Sydney 2000,FIN,NULL,NULL
Sydney 2000,INA,NULL,NULL
Sydney 2000,CMR,NULL,NULL
Beijing 2008,SRB,NULL,NULL
Moscow 1980,IND,NULL,NULL
Stockholm 1912,CAN,NULL,NULL
Sydney 2000,AUT,NULL,NULL
Sydney 2000,YUG,NULL,NULL
Sydney 2000,COL,NULL,NULL
Barcelona 1992,SWE,NULL,NULL
London 2012,MGL,NULL,NULL
Melbourne / Stockholm 1956,TUR,NULL,NULL
Los Angeles 1984,AUS,NULL,NULL
Sydney 2000,GRE,NULL,NULL
Sydney 2000,CHI,NULL,NULL
Moscow 1980,BUL,NULL,NULL
Sydney 2000,MKD,NULL,NULL
Beijing 2008,ARG,NULL,NULL
Moscow 1980,PRK,NULL,NULL
Athens 2004,FIN,NULL,NULL
London 1908,CAN,NULL,NULL
Tokyo 1964,PHI,NULL,NULL
London 1948,USA,NULL,NULL
Montreal 1976,TCH,NULL,NULL
London 1908,FRA,NULL,NULL
Rome 1960,EUA,NULL,NULL
Barcelona 1992,NED,NULL,NULL
Mexico 1968,USA,NULL,NULL
Rome 1960,ARG,NULL,NULL
Amsterdam 1928,HAI,NULL,NULL
Barcelona 1992,PUR,NULL,NULL
Sydney 2000,TUR,NULL,NULL
Munich 1972,NGR,NULL,NULL
Melbourne / Stockholm 1956,FRA,NULL,NULL
Berlin 1936,ARG,NULL,NULL
Tokyo 1964,EUA,NULL,NULL
Sydney 2000,NOR,NULL,NULL
Athens 2004,CHI,NULL,NULL
Rome 1960,BUL,NULL,NULL
Helsinki 1952,DEN,NULL,NULL
Los Angeles 1932,IND,NULL,NULL
Helsinki 1952,AUT,NULL,NULL
Beijing 2008,SVK,NULL,NULL
Melbourne / Stockholm 1956,BRA,NULL,NULL
Rome 1960,AUS,NULL,NULL
Los Angeles 1932,ARG,NULL,NULL
Montreal 1976,BER,NULL,NULL
Munich 1972,GRE,NULL,NULL
Seoul 1988,AHO,NULL,NULL
Athens 2004,UKR,NULL,NULL
Tokyo 1964,BAH,NULL,NULL
Atlanta 1996,ALG,NULL,NULL
Athens 1896,GRE,NULL,NULL
Paris 1900,ESP,NULL,NULL
Atlanta 1996,BRA,NULL,NULL
Los Angeles 1932,AUS,NULL,NULL
Sydney 2000,BRA,NULL,NULL
Tokyo 1964,TUN,NULL,NULL
Paris 1924,ROU,NULL,NULL
Paris 1924,POL,NULL,NULL
Beijing 2008,TOG,NULL,NULL
London 1908,DEN,NULL,NULL
Mexico 1968,BEL,NULL,NULL
Montreal 1976,USA,NULL,NULL
Los Angeles 1984,KOR,NULL,NULL
Los Angeles 1932,URU,NULL,NULL
Moscow 1980,VEN,NULL,NULL
Helsinki 1952,URS,NULL,NULL
Atlanta 1996,RUS,NULL,NULL
Mexico 1968,TPE,NULL,NULL
Athens 2004,TRI,NULL,NULL
Beijing 2008,EGY,NULL,NULL
Beijing 2008,BRA,NULL,NULL
Paris 1900,ITA,NULL,NULL
Helsinki 1952,IND,NULL,NULL
Barcelona 1992,LAT,NULL,NULL
Los Angeles 1984,BEL,NULL,NULL
Beijing 2008,BLR,NULL,NULL
Athens 2004,INA,NULL,NULL
Amsterdam 1928,CAN,NULL,NULL
Athens 2004,CMR,NULL,NULL
Paris 1900,CUB,NULL,NULL
St Louis 1904,GRE,NULL,NULL
Amsterdam 1928,URU,NULL,NULL
Los Angeles 1984,ESP,NULL,NULL
Paris 1924,FIN,NULL,NULL
Seoul 1988,ROU,NULL,NULL
London 2012,CRO,NULL,NULL
Munich 1972,IND,NULL,NULL
London 2012,KAZ,NULL,NULL
Paris 1924,AUT,NULL,NULL
Athens 2004,ROU,NULL,NULL
Amsterdam 1928,RSA,NULL,NULL
St Louis 1904,AUT,NULL,NULL
Los Angeles 1984,FIN,NULL,NULL
Seoul 1988,MEX,NULL,NULL
Moscow 1980,LIB,NULL,NULL
Atlanta 1996,ISR,NULL,NULL
Los Angeles 1984,NZL,NULL,NULL
Beijing 2008,ALG,NULL,NULL
Beijing 2008,ESP,NULL,NULL
London 2012,COL,NULL,NULL
Seoul 1988,TUR,NULL,NULL
Barcelona 1992,ITA,NULL,NULL
Sydney 2000,CAN,NULL,NULL
Melbourne / Stockholm 1956,SWE,NULL,NULL
Antwerp 1920,CAN,NULL,NULL
Helsinki 1952,IRI,NULL,NULL
Los Angeles 1984,CIV,NULL,NULL
Rome 1960,BEL,NULL,NULL
Mexico 1968,JPN,NULL,NULL
Sydney 2000,MDA,NULL,NULL
Athens 2004,TUR,NULL,NULL
Melbourne / Stockholm 1956,BAH,NULL,NULL
Munich 1972,FRG,NULL,NULL
Melbourne / Stockholm 1956,SUI,NULL,NULL
Athens 2004,NOR,NULL,NULL
Sydney 2000,RSA,NULL,NULL
Seoul 1988,SEN,NULL,NULL
Antwerp 1920,RSA,NULL,NULL
Seoul 1988,FIN,NULL,NULL
Athens 2004,ISR,NULL,NULL
Mexico 1968,NZL,NULL,NULL
Beijing 2008,KOR,NULL,NULL
Seoul 1988,KOR,NULL,NULL
Barcelona 1992,AUS,NULL,NULL
Athens 2004,CAN,NULL,NULL
Athens 2004,UAE,NULL,NULL
Atlanta 1996,BAH,NULL,NULL
Beijing 2008,ETH,NULL,NULL
Munich 1972,NOR,NULL,NULL
Sydney 2000,BAH,NULL,NULL
Athens 2004,FRA,NULL,NULL
London 2012,NOR,NULL,NULL
Moscow 1980,MGL,NULL,NULL
Sydney 2000,LTU,NULL,NULL
Athens 2004,EGY,NULL,NULL
London 2012,HKG,NULL,NULL
Sydney 2000,ITA,NULL,NULL
London 2012,SWE,NULL,NULL
Munich 1972,DEN,NULL,NULL
London 2012,AUS,NULL,NULL
London 1948,DEN,NULL,NULL
Atlanta 1996,TUN,NULL,NULL
Moscow 1980,FIN,NULL,NULL
Athens 2004,BRA,NULL,NULL
Helsinki 1952,URU,NULL,NULL
Paris 1900,NED,NULL,NULL
Stockholm 1912,FIN,NULL,NULL
Athens 1896,AUT,NULL,NULL
Helsinki 1952,RSA,NULL,NULL
Berlin 1936,EGY,NULL,NULL
Mexico 1968,SUI,NULL,NULL
Munich 1972,NED,NULL,NULL
Seoul 1988,USA,NULL,NULL
Athens 2004,ITA,NULL,NULL
Athens 2004,LTU,NULL,NULL
London 2012,NED,NULL,NULL
Atlanta 1996,CRC,NULL,NULL
Beijing 2008,CZE,NULL,NULL
Montreal 1976,NZL,NULL,NULL
Beijing 2008,UKR,NULL,NULL
London 1948,HUN,NULL,NULL
Amsterdam 1928,YUG,NULL,NULL
Atlanta 1996,POR,NULL,NULL
Melbourne / Stockholm 1956,IRL,NULL,NULL
Tokyo 1964,USA,NULL,NULL
Munich 1972,BUL,NULL,NULL
Beijing 2008,DOM,NULL,NULL
London 2012,BRN,NULL,NULL
London 1948,POL,NULL,NULL
Helsinki 1952,LIB,NULL,NULL
Mexico 1968,UGA,NULL,NULL
Melbourne / Stockholm 1956,DEN,NULL,NULL
Atlanta 1996,GER,NULL,NULL
Atlanta 1996,MAR,NULL,NULL
Sydney 2000,HUN,NULL,NULL
Paris 1924,SWE,NULL,NULL
Athens 2004,JPN,NULL,NULL
Barcelona 1992,ARG,NULL,NULL
Beijing 2008,MRI,NULL,NULL
Stockholm 1912,USA,NULL,NULL
Atlanta 1996,FIN,NULL,NULL
Barcelona 1992,TCH,NULL,NULL
London 2012,QAT,NULL,NULL
Tokyo 1964,DEN,NULL,NULL
Los Angeles 1984,CMR,NULL,NULL
Barcelona 1992,BUL,NULL,NULL
London 1948,CUB,NULL,NULL
Mexico 1968,KEN,NULL,NULL
Beijing 2008,TRI,NULL,NULL
Amsterdam 1928,NOR,NULL,NULL
Los Angeles 1932,RSA,NULL,NULL
Los Angeles 1984,ROU,NULL,NULL
Los Angeles 1984,YUG,NULL,NULL
Barcelona 1992,KOR,NULL,NULL
Athens 2004,HUN,NULL,NULL
Beijing 2008,TPE,NULL,NULL
Paris 1924,CAN,NULL,NULL
Montreal 1976,PUR,NULL,NULL
Rome 1960,ESP,NULL,NULL
Seoul 1988,HUN,NULL,NULL
Helsinki 1952,VEN,NULL,NULL
Moscow 1980,MEX,NULL,NULL
Athens 2004,SWE,NULL,NULL
Helsinki 1952,EGY,NULL,NULL
Tokyo 1964,URS,NULL,NULL
Beijing 2008,EST,NULL,NULL
Athens 2004,BAH,NULL,NULL
Rome 1960,YUG,NULL,NULL
Rome 1960,ROU,NULL,NULL
London 1948,POR,NULL,NULL
Sydney 2000,AUS,NULL,NULL
Seoul 1988,CHN,NULL,NULL
Berlin 1936,ROU,NULL,NULL
Los Angeles 1984,CAN,NULL,NULL
Sydney 2000,KSA,NULL,NULL
Moscow 1980,GBR,NULL,NULL
London 2012,AFG,NULL,NULL
Atlanta 1996,FRA,NULL,NULL
Berlin 1936,EST,NULL,NULL
Melbourne / Stockholm 1956,JPN,NULL,NULL
Stockholm 1912,DEN,NULL,NULL
London 1908,USA,NULL,NULL
Atlanta 1996,TRI,NULL,NULL
Sydney 2000,ARM,NULL,NULL
Tokyo 1964,ETH,NULL,NULL
Atlanta 1996,SYR,NULL,NULL
Beijing 2008,ISR,NULL,NULL
Munich 1972,ITA,NULL,NULL
Rome 1960,TUR,NULL,NULL
Los Angeles 1984,BRA,NULL,NULL
Seoul 1988,JPN,NULL,NULL
Stockholm 1912,ANZ,NULL,NULL
Beijing 2008,FIN,NULL,NULL
London 2012,ITA,NULL,NULL
Berlin 1936,TUR,NULL,NULL
Paris 1924,EST,NULL,NULL
Mexico 1968,NED,NULL,NULL
Montreal 1976,FRG,NULL,NULL
Seoul 1988,NZL,NULL,NULL
Moscow 1980,HUN,NULL,NULL
Antwerp 1920,FIN,NULL,NULL
Berlin 1936,FIN,NULL,NULL
London 1948,BRA,NULL,NULL
Mexico 1968,TCH,NULL,NULL
Los Angeles 1984,KEN,NULL,NULL
London 2012,GRE,NULL,NULL
Montreal 1976,THA,NULL,NULL
Moscow 1980,POL,NULL,NULL
Helsinki 1952,POR,NULL,NULL
Amsterdam 1928,CHI,NULL,NULL
London 2012,KUW,NULL,NULL
Barcelona 1992,BEL,NULL,NULL
Sydney 2000,EST,NULL,NULL
Paris 1924,HUN,NULL,NULL
Los Angeles 1932,SWE,NULL,NULL
Atlanta 1996,UZB,NULL,NULL
Atlanta 1996,DEN,NULL,NULL
Barcelona 1992,TPE,NULL,NULL
Beijing 2008,LTU,NULL,NULL
Seoul 1988,DEN,NULL,NULL
Moscow 1980,CUB,NULL,NULL
Beijing 2008,USA,NULL,NULL
Sydney 2000,ARG,NULL,NULL
Athens 2004,EST,NULL,NULL
London 2012,THA,NULL,NULL
Amsterdam 1928,SWE,NULL,NULL
Melbourne / Stockholm 1956,TCH,NULL,NULL
Rome 1960,USA,NULL,NULL
Montreal 1976,NED,NULL,NULL
Berlin 1936,USA,NULL,NULL
Tokyo 1964,TRI,NULL,NULL
Moscow 1980,YUG,NULL,NULL
Sydney 2000,BEL,NULL,NULL
Beijing 2008,JPN,NULL,NULL
Seoul 1988,DJI,NULL,NULL
London 2012,SRB,NULL,NULL
Amsterdam 1928,ITA,NULL,NULL
Paris 1924,JPN,NULL,NULL
Beijing 2008,ECU,NULL,NULL
Los Angeles 1984,EGY,NULL,NULL
London 2012,IND,NULL,NULL
Atlanta 1996,ZAM,NULL,NULL
London 1908,GBR,NULL,NULL
Beijing 2008,SLO,NULL,NULL
London 2012,ARG,NULL,NULL
Beijing 2008,UZB,NULL,NULL
Antwerp 1920,AUS,NULL,NULL
Beijing 2008,KEN,NULL,NULL
Barcelona 1992,FIN,NULL,NULL
Barcelona 1992,AUT,NULL,NULL
London 1948,EGY,NULL,NULL
Athens 2004,CHN,NULL,NULL
Barcelona 1992,NZL,NULL,NULL
Stockholm 1912,HUN,NULL,NULL
Sydney 2000,USA,NULL,NULL
Beijing 2008,ZIM,NULL,NULL
Beijing 2008,DEN,NULL,NULL
Melbourne / Stockholm 1956,USA,NULL,NULL
Montreal 1976,DEN,NULL,NULL
Seoul 1988,INA,NULL,NULL
London 2012,GAB,NULL,NULL
Sydney 2000,GEO,NULL,NULL
Amsterdam 1928,HUN,NULL,NULL
Los Angeles 1932,LAT,NULL,NULL
Beijing 2008,SUI,NULL,NULL
Rome 1960,SWE,NULL,NULL
Munich 1972,NIG,NULL,NULL
Athens 2004,USA,NULL,NULL
Atlanta 1996,IRI,NULL,NULL
London 1908,NOR,NULL,NULL
Berlin 1936,SWE,NULL,NULL
Helsinki 1952,AUS,NULL,NULL
Mexico 1968,ETH,NULL,NULL
Beijing 2008,THA,NULL,NULL
Tokyo 1964,IRI,NULL,NULL
Atlanta 1996,MAS,NULL,NULL
Sydney 2000,CZE,NULL,NULL
Berlin 1936,SUI,NULL,NULL
Los Angeles 1984,POR,NULL,NULL
Athens 2004,GEO,NULL,NULL
Los Angeles 1932,HUN,NULL,NULL
Munich 1972,PAK,NULL,NULL
Barcelona 1992,CAN,NULL,NULL
Tokyo 1964,FRA,NULL,NULL
Tokyo 1964,GHA,NULL,NULL
Los Angeles 1932,POL,NULL,NULL
London 1908,RSA,NULL,NULL
Moscow 1980,GUY,NULL,NULL
Beijing 2008,TJK,NULL,NULL
London 1908,BOH,NULL,NULL
Los Angeles 1932,ITA,NULL,NULL
Atlanta 1996,IRL,NULL,NULL
Helsinki 1952,GBR,NULL,NULL
Athens 2004,CZE,NULL,NULL
Moscow 1980,ITA,NULL,NULL
Beijing 2008,NZL,NULL,NULL
Tokyo 1964,IRL,NULL,NULL
Antwerp 1920,NOR,NULL,NULL
Beijing 2008,CUB,NULL,NULL
Beijing 2008,BAH,NULL,NULL
London 1948,ESP,NULL,NULL
Barcelona 1992,POL,NULL,NULL
London 2012,BLR,NULL,NULL
Antwerp 1920,SWE,NULL,NULL
Antwerp 1920,LUX,NULL,NULL
Barcelona 1992,MEX,NULL,NULL
Rome 1960,NZL,NULL,NULL
Munich 1972,GBR,NULL,NULL
London 2012,KSA,NULL,NULL
Antwerp 1920,BEL,NULL,NULL
Barcelona 1992,KEN,NULL,NULL
Berlin 1936,NZL,NULL,NULL
London 2012,BUL,NULL,NULL
Los Angeles 1932,JPN,NULL,NULL
Seoul 1988,BRA,NULL,NULL
Moscow 1980,GRE,NULL,NULL
Sydney 2000,ESP,NULL,NULL
Seoul 1988,ISV,NULL,NULL
Sydney 2000,ETH,NULL,NULL
Atlanta 1996,PRK,NULL,NULL
Barcelona 1992,TUR,NULL,NULL
Montreal 1976,JAM,NULL,NULL
Tokyo 1964,NED,NULL,NULL
Helsinki 1952,HUN,NULL,NULL
Los Angeles 1932,AUT,NULL,NULL
Mexico 1968,FRG,NULL,NULL
Los Angeles 1984,TUR,NULL,NULL
Paris 1924,USA,NULL,NULL
Mexico 1968,FRA,NULL,NULL
Beijing 2008,LAT,NULL,NULL
London 2012,BEL,NULL,NULL
London 2012,ALG,NULL,NULL
London 2012,ESP,NULL,NULL
Beijing 2008,RUS,NULL,NULL
Barcelona 1992,INA,NULL,NULL
Helsinki 1952,POL,NULL,NULL
Sydney 2000,ROU,NULL,NULL
Paris 1900,USA,NULL,NULL
Athens 2004,ETH,NULL,NULL
Montreal 1976,POR,NULL,NULL
Helsinki 1952,LUX,NULL,NULL
Munich 1972,KOR,NULL,NULL
Munich 1972,JAM,NULL,NULL
St Louis 1904,GER,NULL,NULL
Seoul 1988,ESP,NULL,NULL
London 2012,JAM,NULL,NULL
Mexico 1968,JAM,NULL,NULL
Sydney 2000,UKR,NULL,NULL
Amsterdam 1928,EST,NULL,NULL
Melbourne / Stockholm 1956,NZL,NULL,NULL
Los Angeles 1984,SYR,NULL,NULL
St Louis 1904,GBR,NULL,NULL
London 1948,PUR,NULL,NULL
Sydney 2000,AZE,NULL,NULL
Amsterdam 1928,IRL,NULL,NULL
London 1948,TRI,NULL,NULL
Helsinki 1952,YUG,NULL,NULL
Barcelona 1992,LTU,NULL,NULL
Munich 1972,MGL,NULL,NULL
Sydney 2000,KUW,NULL,NULL
Rome 1960,POL,NULL,NULL
Beijing 2008,CHN,NULL,NULL
Beijing 2008,IND,NULL,NULL
London 2012,TTO,NULL,NULL
Los Angeles 1984,USA,NULL,NULL
Los Angeles 1932,TCH,NULL,NULL
Sydney 2000,FRA,NULL,NULL
Tokyo 1964,SUI,NULL,NULL
Stockholm 1912,RU1,NULL,NULL
Barcelona 1992,CUB,NULL,NULL
Barcelona 1992,GRE,NULL,NULL
Sydney 2000,TRI,NULL,NULL
Athens 2004,DOM,NULL,NULL
Barcelona 1992,ALG,NULL,NULL
Munich 1972,NZL,NULL,NULL
Beijing 2008,PRK,NULL,NULL
Beijing 2008,AZE,NULL,NULL
Beijing 2008,INA,NULL,NULL
London 2012,CZE,NULL,NULL
Los Angeles 1984,DEN,NULL,NULL
Sydney 2000,TPE,NULL,NULL
London 1908,NED,NULL,NULL
Sydney 2000,IRL,NULL,NULL
Barcelona 1992,BRA,NULL,NULL
Amsterdam 1928,TCH,NULL,NULL
Helsinki 1952,NOR,NULL,NULL
Rome 1960,JPN,NULL,NULL
Barcelona 1992,EUN,NULL,NULL
Berlin 1936,JPN,NULL,NULL
Amsterdam 1928,AUS,NULL,NULL
London 1908,ITA,NULL,NULL
London 1948,GBR,NULL,NULL
Athens 2004,TPE,NULL,NULL
Athens 2004,PAR,NULL,NULL
Atlanta 1996,NED,NULL,NULL
Paris 1900,IND,NULL,NULL
London 2012,AZE,NULL,NULL
Antwerp 1920,ITA,NULL,NULL
Helsinki 1952,TRI,NULL,NULL
Moscow 1980,GDR,NULL,NULL
London 2012,EGY,NULL,NULL
Los Angeles 1932,USA,NULL,NULL
Atlanta 1996,AUS,NULL,NULL
London 1948,IRI,NULL,NULL
Barcelona 1992,DEN,NULL,NULL
Munich 1972,LIB,NULL,NULL
Barcelona 1992,HUN,NULL,NULL
Paris 1924,NZL,NULL,NULL
London 2012,TPE,NULL,NULL
Tokyo 1964,AUS,NULL,NULL
London 2012,ARM,NULL,NULL
Helsinki 1952,MEX,NULL,NULL
London 1908,RU1,NULL,NULL
London 1948,FRA,NULL,NULL
Sydney 2000,ISR,NULL,NULL
Athens 2004,NED,NULL,NULL
London 2012,CMR,NULL,NULL
Moscow 1980,BRA,NULL,NULL
London 2012,ROU,NULL,NULL
Athens 1896,HUN,NULL,NULL
Sydney 2000,KEN,NULL,NULL
Munich 1972,POL,NULL,NULL
Sydney 2000,QAT,NULL,NULL
Barcelona 1992,CHN,NULL,NULL
Atlanta 1996,MGL,NULL,NULL
Munich 1972,MEX,NULL,NULL
Barcelona 1992,PHI,NULL,NULL
Atlanta 1996,GBR,NULL,NULL
London 2012,MEX,NULL,NULL
London 2012,EST,NULL,NULL
Athens 2004,MAR,NULL,NULL
Rome 1960,TCH,NULL,NULL
Seoul 1988,GBR,NULL,NULL
Athens 2004,AZE,NULL,NULL
Munich 1972,CUB,NULL,NULL
Berlin 1936,TCH,NULL,NULL
Rome 1960,BRA,NULL,NULL
Melbourne / Stockholm 1956,IRI,NULL,NULL
Seoul 1988,FRG,NULL,NULL
Sydney 2000,SWE,NULL,NULL
London 2012,TUR,NULL,NULL
Barcelona 1992,JPN,NULL,NULL
Amsterdam 1928,ARG,NULL,NULL
London 2012,UKR,NULL,NULL
Paris 1900,DEN,NULL,NULL
Athens 2004,NZL,NULL,NULL
Paris 1900,AUT,NULL,NULL
Sydney 2000,SUI,NULL,NULL
Moscow 1980,ESP,NULL,NULL
Helsinki 1952,CHI,NULL,NULL
Munich 1972,FIN,NULL,NULL
Stockholm 1912,GER,NULL,NULL
Atlanta 1996,CZE,NULL,NULL
London 2012,FIN,NULL,NULL
Paris 1900,SUI,NULL,NULL
Rome 1960,ETH,NULL,NULL
Atlanta 1996,NGR,NULL,NULL
Munich 1972,AUT,NULL,NULL
Munich 1972,COL,NULL,NULL
Helsinki 1952,CAN,NULL,NULL
Munich 1972,YUG,NULL,NULL
Los Angeles 1984,NGR,NULL,NULL
St Louis 1904,HUN,NULL,NULL
Mexico 1968,DEN,NULL,NULL
Amsterdam 1928,BEL,NULL,NULL
Mexico 1968,AUT,NULL,NULL
Montreal 1976,URS,NULL,NULL
London 2012,GUA,NULL,NULL
Amsterdam 1928,ESP,NULL,NULL
Los Angeles 1984,DOM,NULL,NULL
Atlanta 1996,NOR,NULL,NULL
Beijing 2008,KAZ,NULL,NULL
Los Angeles 1984,NOR,NULL,NULL
Rome 1960,BWI,NULL,NULL
Barcelona 1992,PAK,NULL,NULL
Antwerp 1920,TCH,NULL,NULL
Sydney 2000,JPN,NULL,NULL
Montreal 1976,MEX,NULL,NULL
Helsinki 1952,SWE,NULL,NULL
Atlanta 1996,BEL,NULL,NULL
Seoul 1988,CRC,NULL,NULL
London 2012,TUN,NULL,NULL
St Louis 1904,CUB,NULL,NULL
Los Angeles 1932,ESP,NULL,NULL
Sydney 2000,ALG,NULL,NULL
London 2012,USA,NULL,NULL
Montreal 1976,MGL,NULL,NULL
Sydney 2000,UZB,NULL,NULL
Antwerp 1920,ESP,NULL,NULL
Amsterdam 1928,USA,NULL,NULL
Tokyo 1964,URU,NULL,NULL
Helsinki 1952,NED,NULL,NULL
Mexico 1968,URS,NULL,NULL
Helsinki 1952,BRA,NULL,NULL
Montreal 1976,GBR,NULL,NULL
Paris 1924,GBR,NULL,NULL
Berlin 1936,PHI,NULL,NULL
London 1948,CAN,NULL,NULL
Montreal 1976,FIN,NULL,NULL
Los Angeles 1984,TPE,NULL,NULL
Seoul 1988,MAR,NULL,NULL
Los Angeles 1932,NZL,NULL,NULL
Athens 2004,SYR,NULL,NULL
Montreal 1976,AUT,NULL,NULL
Helsinki 1952,ARG,NULL,NULL
Tokyo 1964,YUG,NULL,NULL
London 1948,SUI,NULL,NULL
Tokyo 1964,GBR,NULL,NULL
Mexico 1968,IND,NULL,NULL
Montreal 1976,YUG,NULL,NULL
London 2012,UZB,NULL,NULL
Montreal 1976,IRI,NULL,NULL
Sydney 2000,DEN,NULL,NULL
Stockholm 1912,FRA,NULL,NULL
Munich 1972,BRA,NULL,NULL
Helsinki 1952,BUL,NULL,NULL
Barcelona 1992,IRL,NULL,NULL
Atlanta 1996,CRO,NULL,NULL
Atlanta 1996,HKG,NULL,NULL
Amsterdam 1928,FIN,NULL,NULL
Athens 2004,KEN,NULL,NULL
Athens 2004,UZB,NULL,NULL
Beijing 2008,SUD,NULL,NULL
London 2012,UGA,NULL,NULL
Atlanta 1996,KAZ,NULL,NULL
Moscow 1980,AUS,NULL,NULL
Athens 2004,ZIM,NULL,NULL
Rome 1960,TPE,NULL,NULL
Beijing 2008,JAM,NULL,NULL
Athens 2004,DEN,NULL,NULL
Sydney 2000,THA,NULL,NULL
Montreal 1976,NOR,NULL,NULL
Antwerp 1920,BRA,NULL,NULL
Athens 2004,RUS,NULL,NULL
Melbourne / Stockholm 1956,IND,NULL,NULL
Barcelona 1992,PRK,NULL,NULL
Athens 2004,SUI,NULL,NULL
Los Angeles 1984,JPN,NULL,NULL
Mexico 1968,IRI,NULL,NULL
Montreal 1976,CAN,NULL,NULL
London 1948,SRI,NULL,NULL
Athens 1896,ZZX,NULL,NULL
Paris 1924,FRA,NULL,NULL
Barcelona 1992,USA,NULL,NULL
Melbourne / Stockholm 1956,BUL,NULL,NULL
Los Angeles 1984,PER,NULL,NULL
Los Angeles 1984,FRG,NULL,NULL
Athens 2004,THA,NULL,NULL
Los Angeles 1984,FRA,NULL,NULL
Seoul 1988,FRA,NULL,NULL
Beijing 2008,MAR,NULL,NULL
Tokyo 1964,BEL,NULL,NULL
Montreal 1976,BUL,NULL,NULL
Stockholm 1912,GBR,NULL,NULL
London 2012,LTU,NULL,NULL
Moscow 1980,ROU,NULL,NULL
Athens 1896,AUS,NULL,NULL
Los Angeles 1932,MEX,NULL,NULL
London 1948,PER,NULL,NULL
Rome 1960,MAR,NULL,NULL
Munich 1972,CAN,NULL,NULL
Berlin 1936,GER,NULL,NULL
Los Angeles 1984,IRL,NULL,NULL
Rome 1960,FIN,NULL,NULL
Mexico 1968,CAN,NULL,NULL
Beijing 2008,CRO,NULL,NULL
Atlanta 1996,JAM,NULL,NULL
London 1948,RSA,NULL,NULL
London 2012,JPN,NULL,NULL
Helsinki 1952,ITA,NULL,NULL
Paris 1924,DEN,NULL,NULL
Beijing 2008,GBR,NULL,NULL
Los Angeles 1932,FIN,NULL,NULL
Mexico 1968,BUL,NULL,NULL
Los Angeles 1984,NED,NULL,NULL
Tokyo 1964,NGR,NULL,NULL
Moscow 1980,SWE,NULL,NULL
Barcelona 1992,IOP,NULL,NULL
London 2012,NZL,NULL,NULL
Atlanta 1996,BDI,NULL,NULL
Atlanta 1996,YUG,NULL,NULL
Moscow 1980,BEL,NULL,NULL
Seoul 1988,AUT,NULL,NULL
Seoul 1988,YUG,NULL,NULL
Moscow 1980,FRA,NULL,NULL
London 1908,GER,NULL,NULL
London 1948,PAN,NULL,NULL
Seoul 1988,IRI,NULL,NULL
Atlanta 1996,ECU,NULL,NULL
Beijing 2008,IRI,NULL,NULL
London 2012,MNE,NULL,NULL
London 2012,GEO,NULL,NULL
Seoul 1988,POR,NULL,NULL
Beijing 2008,NED,NULL,NULL
London 1948,IND,NULL,NULL
Beijing 2008,FRA,NULL,NULL
Beijing 2008,VEN,NULL,NULL
St Louis 1904,CAN,NULL,NULL
Montreal 1976,VEN,NULL,NULL
Montreal 1976,HUN,NULL,NULL
Atlanta 1996,UKR,NULL,NULL
Amsterdam 1928,SUI,NULL,NULL
London 1948,ARG,NULL,NULL
Athens 2004,POR,NULL,NULL
London 2012,DEN,NULL,NULL
Sydney 2000,CHN,NULL,NULL
Barcelona 1992,ESP,NULL,NULL
Seoul 1988,URS,NULL,NULL
Seoul 1988,CAN,NULL,NULL
Helsinki 1952,ROU,NULL,NULL
Paris 1924,HAI,NULL,NULL
Montreal 1976,CUB,NULL,NULL
Atlanta 1996,SUI,NULL,NULL
St Louis 1904,ZZX,NULL,NULL
London 2012,HUN,NULL,NULL
Los Angeles 1984,SUI,NULL,NULL
Mexico 1968,VEN,NULL,NULL
Athens 2004,IND,NULL,NULL
Montreal 1976,ITA,NULL,NULL
Seoul 1988,SUI,NULL,NULL
London 2012,INA,NULL,NULL
London 2012,POL,NULL,NULL
Barcelona 1992,CRO,NULL,NULL
Munich 1972,GDR,NULL,NULL
Tokyo 1964,IND,NULL,NULL
Seoul 1988,THA,NULL,NULL
Stockholm 1912,GRE,NULL,NULL
Helsinki 1952,TUR,NULL,NULL
Montreal 1976,PAK,NULL,NULL
Barcelona 1992,ETH,NULL,NULL
Athens 2004,PRK,NULL,NULL
Tokyo 1964,ARG,NULL,NULL
Athens 2004,BUL,NULL,NULL
London 2012,CHN,NULL,NULL
Montreal 1976,AUS,NULL,NULL
London 2012,SVK,NULL,NULL
Barcelona 1992,GBR,NULL,NULL
Rome 1960,DEN,NULL,NULL
London 1948,URU,NULL,NULL
London 2012,CUB,NULL,NULL
Tokyo 1964,BUL,NULL,NULL
Paris 1900,BOH,NULL,NULL
Sydney 2000,JAM,NULL,NULL
Athens 1896,USA,NULL,NULL
Paris 1924,POR,NULL,NULL
London 1908,GRE,NULL,NULL
Tokyo 1964,ROU,NULL,NULL
Berlin 1936,GBR,NULL,NULL
Helsinki 1952,KOR,NULL,NULL
Rome 1960,SUI,NULL,NULL
Stockholm 1912,RSA,NULL,NULL
Munich 1972,TUN,NULL,NULL
Paris 1900,AUS,NULL,NULL
Moscow 1980,IRL,NULL,NULL
Los Angeles 1984,ITA,NULL,NULL
Seoul 1988,SUR,NULL,NULL
Los Angeles 1932,DEN,NULL,NULL
Barcelona 1992,IRI,NULL,NULL
Atlanta 1996,ITA,NULL,NULL
London 1908,AUT,NULL,NULL
Antwerp 1920,EST,NULL,NULL
Sydney 2000,CRC,NULL,NULL
Barcelona 1992,MAS,NULL,NULL
Munich 1972,AUS,NULL,NULL
Mexico 1968,PAK,NULL,NULL
Athens 2004,JAM,NULL,NULL
London 2012,CYP,NULL,NULL
Paris 1900,GER,NULL,NULL
Atlanta 1996,GRE,NULL,NULL
Amsterdam 1928,EGY,NULL,NULL
Sydney 2000,SLO,NULL,NULL
Rome 1960,EGY,NULL,NULL
London 1908,SWE,NULL,NULL
Melbourne / Stockholm 1956,URU,NULL,NULL
Atlanta 1996,LAT,NULL,NULL
Los Angeles 1932,PHI,NULL,NULL
Paris 1900,GBR,NULL,NULL
Beijing 2008,AUT,NULL,NULL
Los Angeles 1932,CAN,NULL,NULL
Tokyo 1964,SWE,NULL,NULL
Seoul 1988,PER,NULL,NULL
Atlanta 1996,AUT,NULL,NULL
Helsinki 1952,USA,NULL,NULL
Atlanta 1996,RSA,NULL,NULL
Athens 2004,SLO,NULL,NULL
Mexico 1968,MGL,NULL,NULL
Athens 2004,GER,NULL,NULL
Antwerp 1920,FRA,NULL,NULL
Berlin 1936,NED,NULL,NULL
Melbourne / Stockholm 1956,URS,NULL,NULL
Los Angeles 1984,GBR,NULL,NULL
Atlanta 1996,PUR,NULL,NULL
Mexico 1968,MEX,NULL,NULL
Atlanta 1996,THA,NULL,NULL
Atlanta 1996,MOZ,NULL,NULL
Los Angeles 1984,THA,NULL,NULL
Barcelona 1992,MAR,NULL,NULL
Atlanta 1996,NAM,NULL,NULL
Atlanta 1996,LTU,NULL,NULL
Amsterdam 1928,JPN,NULL,NULL
Rome 1960,AUT,NULL,NULL
Beijing 2008,POR,NULL,NULL
London 2012,BRA,NULL,NULL
Berlin 1936,AUT,NULL,NULL
Antwerp 1920,USA,NULL,NULL
Atlanta 1996,IND,NULL,NULL
Seoul 1988,NED,NULL,NULL
London 2012,KOR,NULL,NULL
Amsterdam 1928,NZL,NULL,NULL
London 1948,YUG,NULL,NULL
Helsinki 1952,BEL,NULL,NULL
Melbourne / Stockholm 1956,POL,NULL,NULL
Atlanta 1996,ARG,NULL,NULL
London 2012,PRK,NULL,NULL
Mexico 1968,KOR,NULL,NULL
Helsinki 1952,ESP,NULL,NULL
Paris 1900,BEL,NULL,NULL
Melbourne / Stockholm 1956,MEX,NULL,NULL
Beijing 2008,BUL,NULL,NULL
Barcelona 1992,QAT,NULL,NULL
Stockholm 1912,SWE,NULL,NULL
London 2012,ETH,NULL,NULL
Atlanta 1996,BUL,NULL,NULL
Munich 1972,BEL,NULL,NULL
Berlin 1936,DEN,NULL,NULL
Antwerp 1920,JPN,NULL,NULL
Athens 2004,KAZ,NULL,NULL
Beijing 2008,CAN,NULL,NULL
Munich 1972,TUR,NULL,NULL
London 1948,TUR,NULL,NULL
Beijing 2008,RSA,NULL,NULL
Paris 1924,URU,NULL,NULL
Amsterdam 1928,DEN,NULL,NULL
Los Angeles 1932,GER,NULL,NULL
Stockholm 1912,NED,NULL,NULL
London 1948,NOR,NULL,NULL
Mexico 1968,TUN,NULL,NULL
Sydney 2000,NZL,NULL,NULL
Moscow 1980,TCH,NULL,NULL
Melbourne / Stockholm 1956,FIN,NULL,NULL
London 1908,ANZ,NULL,NULL
Sydney 2000,CRO,NULL,NULL
Rome 1960,IND,NULL,NULL
Seoul 1988,MGL,NULL,NULL
London 1948,SWE,NULL,NULL
Berlin 1936,CAN,NULL,NULL
Melbourne / Stockholm 1956,AUT,NULL,NULL
Barcelona 1992,FRA,NULL,NULL
London 1948,AUS,NULL,NULL
Berlin 1936,IND,NULL,NULL
Los Angeles 1932,IRL,NULL,NULL
Melbourne / Stockholm 1956,YUG,NULL,NULL
Los Angeles 1984,ISL,NULL,NULL
Athens 2004,MGL,NULL,NULL
Mexico 1968,AUS,NULL,NULL
Athens 2004,MEX,NULL,NULL
Berlin 1936,RSA,NULL,NULL
London 1908,HUN,NULL,NULL
Montreal 1976,KOR,NULL,NULL
Munich 1972,USA,NULL,NULL
Amsterdam 1928,PHI,NULL,NULL
Los Angeles 1984,JAM,NULL,NULL
Beijing 2008,KGZ,NULL,NULL
Helsinki 1952,JPN,NULL,NULL
Antwerp 1920,DEN,NULL,NULL
Los Angeles 1984,MAR,NULL,NULL
London 2012,SLO,NULL,NULL
Helsinki 1952,NZL,NULL,NULL
Antwerp 1920,SUI,NULL,NULL
Moscow 1980,ZIM,NULL,NULL
Montreal 1976,BEL,NULL,NULL
Melbourne / Stockholm 1956,NOR,NULL,NULL
Tokyo 1964,ITA,NULL,NULL
Athens 2004,NGR,NULL,NULL
Atlanta 1996,PHI,NULL,NULL
Mexico 1968,GBR,NULL,NULL
Sydney 2000,NED,NULL,NULL
Montreal 1976,POL,NULL,NULL
Atlanta 1996,BLR,NULL,NULL
Seoul 1988,NOR,NULL,NULL
Paris 1900,FRA,NULL,NULL
Paris 1900,HUN,NULL,NULL
Helsinki 1952,IRL,NULL,NULL
Seoul 1988,AUS,NULL,NULL
Sydney 2000,BUL,NULL,NULL
Sydney 2000,MAR,NULL,NULL
Munich 1972,HUN,NULL,NULL
Berlin 1936,LAT,NULL,NULL
